{
    "perf_data_version": 4,
    "duration_us": 0,
    "description": "CH: test gemm on RDU",
    "stage": "SVP",
    "date_time_utc": "2022-06-24T20:41:22+00:00",
    "commit": "fece065d0d70757d87590b323d19ac8304b1dc36",
    "host": "sc2-s25",
    "os": "redhat 8.5",
    "type": "snprof",
    "data": {
        "snprof": {
            "SUMMARY": {
                "THROUGHPUT": 322.95758633522837,
                "TOTAL": {
                    "NSEC": 18578290.939331055,
                    "SEC": 0.018578290939331055,
                    "PERCENTAGE": 100.0
                },
                "SAMBA": {
                    "NSEC": 18578290.939331055,
                    "SEC": 0.018578290939331055,
                    "PERCENTAGE": 100.0
                },
                "RUN SETUP": {
                    "NSEC": 81810.0,
                    "SEC": 8.181e-05,
                    "PERCENTAGE": 0.4403526689680839
                },
                "RUN HW": {
                    "NSEC": 23771.0,
                    "SEC": 2.3771e-05,
                    "PERCENTAGE": 0.12795041307957855
                },
                "XFER": {
                    "NSEC": 4864645.0,
                    "SEC": 0.004864645,
                    "PERCENTAGE": 26.184566792962283
                },
                "ARGINS": {
                    "NSEC": 0,
                    "SEC": 0.0,
                    "PERCENTAGE": 0.0
                },
                "CONV FUNC": {
                    "NSEC": 9851.0,
                    "SEC": 9.851e-06,
                    "PERCENTAGE": 0.05302425304980558
                }
            },
            "PER_TENSOR": {
                "threads": [
                    {
                        "thread_id": 4058872,
                        "is_main_thread": true,
                        "data": [
                            {
                                "tensor_name": "tensor1",
                                "xfer": {
                                    "count": 1,
                                    "n_subsyms": 1,
                                    "avg_subsym_size": 768.0
                                },
                                "conv_func": {
                                    "total": 4990,
                                    "avg": 4990.0,
                                    "count": 1,
                                    "n_subsyms": 1,
                                    "avg_subsym_size": 768.0
                                }
                            },
                            {
                                "tensor_name": "tensor2",
                                "xfer": {
                                    "count": 1,
                                    "n_subsyms": 1,
                                    "avg_subsym_size": 384.0
                                },
                                "conv_func": {
                                    "total": 3111,
                                    "avg": 3111.0,
                                    "count": 1,
                                    "n_subsyms": 1,
                                    "avg_subsym_size": 384.0
                                }
                            }
                        ]
                    }
                ]
            },
            "PER_SECTION": {
                "threads": [
                    {
                        "thread_id": 4058872,
                        "is_main_thread": true,
                        "data": [
                            {
                                "section_id": "000",
                                "total": 60661,
                                "avg": 30330.5,
                                "count": 2
                            }
                        ]
                    }
                ]
            },
            "process_id": 4058872
        }
    },
    "data_list": [],
    "test": {
        "description": "CH: test gemm on RDU",
        "owner": "qiz",
        "pef": {
            "project": "prism",
            "test folder": "templates/test/templates",
            "cmd": "test_gemm_prism",
            "args": "BF16 32x64  64x6 0"
        },
        "runners": {
            "DETAILED": {
                "samba": {
                    "test folder": "runtime/test/apps",
                    "cmd": "gemm_rm.py",
                    "args": "--batch-size 6 --in-features 64 --out-features 32 --backend samba --num-iterations 1 --compare-only",
                    "perf_mode": "snprof",
                    "env": {
                        "ENABLE_RUNTIME_PERF": "DETAILED"
                    },
                    "stage name": "DETAILED"
                }
            },
            "SESSION": {
                "samba": {
                    "test folder": "runtime/test/apps",
                    "cmd": "gemm_rm.py",
                    "args": "--batch-size 6 --in-features 64 --out-features 32 --backend samba --num-iterations 1 --compare-only",
                    "perf_mode": "snprof",
                    "env": {
                        "ENABLE_RUNTIME_PERF": "SESSION"
                    },
                    "stage name": "SESSION"
                }
            },
            "SHAZAM": {
                "samba": {
                    "test folder": "runtime/test/apps",
                    "cmd": "gemm_rm.py",
                    "args": "--batch-size 6 --in-features 64 --out-features 32 --backend samba --num-iterations 1 --compare-only",
                    "perf_mode": "snprof",
                    "env": {
                        "ENABLE_RUNTIME_PERF": "SHAZAM"
                    },
                    "stage name": "SHAZAM"
                }
            },
            "PER_SECTION": {
                "samba": {
                    "test folder": "runtime/test/apps",
                    "cmd": "gemm_rm.py",
                    "args": "--batch-size 6 --in-features 64 --out-features 32 --backend samba --num-iterations 1 --compare-only",
                    "perf_mode": "snprof",
                    "env": {
                        "ENABLE_RUNTIME_PERF": "PER_SECTION"
                    },
                    "stage name": "PER_SECTION"
                }
            },
            "PER_TENSOR": {
                "samba": {
                    "test folder": "runtime/test/apps",
                    "cmd": "gemm_rm.py",
                    "args": "--batch-size 6 --in-features 64 --out-features 32 --backend samba --num-iterations 1 --compare-only",
                    "perf_mode": "snprof",
                    "env": {
                        "ENABLE_RUNTIME_PERF": "PER_TENSOR"
                    },
                    "stage name": "PER_TENSOR"
                }
            },
            "TIMELINE": {
                "samba": {
                    "test folder": "runtime/test/apps",
                    "cmd": "gemm_rm.py",
                    "args": "--batch-size 6 --in-features 64 --out-features 32 --backend samba --num-iterations 1 --compare-only",
                    "perf_mode": "snprof",
                    "env": {
                        "ENABLE_RUNTIME_PERF": "TIMELINE"
                    },
                    "stage name": "TIMELINE"
                }
            },
            "SVP": {
                "samba": {
                    "test folder": "runtime/test/apps",
                    "cmd": "gemm_rm.py",
                    "args": "--batch-size 6 --in-features 64 --out-features 32 --backend samba --num-iterations 1 --compare-only",
                    "perf_mode": "snprof",
                    "env": {
                        "ENABLE_RUNTIME_PERF": "SVP"
                    },
                    "stage name": "SVP"
                }
            }
        },
        "test list": "infra/regression_tests/frontend/jit/snprof_samba_perf.list",